{
  "timestamp": "2026-03-24T22:49:48.325227",
  "model": "distilbert-base-uncased",
  "max_seq_length": 64,
  "batch_size": 8,
  "learning_rate": 2e-05,
  "num_epochs": 3,
  "overall_metrics": {
    "accuracy": 0.8156666666666667,
    "f1_weighted": 0.815662058218122
  },
  "per_class_metrics": {
    "negative": {
      "precision": 0.8188552188552188,
      "recall": 0.8106666666666666,
      "f1-score": 0.8147403685092127,
      "support": 1500
    },
    "positive": {
      "precision": 0.8125412541254126,
      "recall": 0.8206666666666667,
      "f1-score": 0.8165837479270315,
      "support": 1500
    }
  },
  "confusion_matrix": {
    "TN": 1216,
    "FP": 284,
    "FN": 269,
    "TP": 1231
  }
}