{
  "timestamp": "2026-03-24T22:57:54.207400",
  "model": "distilbert-base-uncased",
  "max_seq_length": 256,
  "batch_size": 8,
  "learning_rate": 2e-05,
  "num_epochs": 3,
  "overall_metrics": {
    "accuracy": 0.903,
    "f1_weighted": 0.9029256950125492
  },
  "per_class_metrics": {
    "negative": {
      "precision": 0.926605504587156,
      "recall": 0.8753333333333333,
      "f1-score": 0.9002399725745629,
      "support": 1500
    },
    "positive": {
      "precision": 0.8818698673404928,
      "recall": 0.9306666666666666,
      "f1-score": 0.9056114174505352,
      "support": 1500
    }
  },
  "confusion_matrix": {
    "TN": 1313,
    "FP": 187,
    "FN": 104,
    "TP": 1396
  }
}